"Track URI","Track Name","Artist URI(s)","Artist Name(s)","Album URI","Album Name","Album Artist URI(s)","Album Artist Name(s)","Album Release Date","Album Image URL","Disc Number","Track Number","Track Duration (ms)","Track Preview URL","Explicit","Popularity","Added By","Added At"
"spotify:track:7HRv1sYuwgoea1m0JRvChV","GOLD","spotify:artist:1Bl6wpkWCQ4KVgnASpvzzA","BROCKHAMPTON","spotify:album:67smHJOf5YlFwad6dAlppm","SATURATION","spotify:artist:1Bl6wpkWCQ4KVgnASpvzzA","BROCKHAMPTON","2017-06-09","https://i.scdn.co/image/ab67616d0000b273a0c4a585a7d73b4943b9bf13","1","2","266000","https://p.scdn.co/mp3-preview/fdf0d2d8f206ecb26aa68faf4fdf62bbebfdb632?cid=9950ac751e34487dbbe027c4fd7f8e99","true","63","spotify:user:l4xz9k88ino2imr81wom61l1y","2018-01-09T06:31:31Z"
"spotify:track:1BAJpa7mrs0A8cHsA2enqx","All Caps","spotify:artist:2aoFQUeHD1U7pL098lRsDU","Madvillain","spotify:album:61809gZj46tFYs0g4s51nu","Madvillainy","spotify:artist:2aoFQUeHD1U7pL098lRsDU","Madvillain","2004-03-24","https://i.scdn.co/image/ab67616d0000b273da34f488b06d08d90618b040","1","20","130479","","true","0","spotify:user:l4xz9k88ino2imr81wom61l1y","2018-01-09T06:41:38Z"
"spotify:track:1OC9BxPREVX12OxYIgEZTi","Splash","spotify:artist:5KuuNGYTUTokLerXMNYCGL","Ho99o9","spotify:album:3HXoKCEl7KReZyU8yqgpiS","United States Of Horror","spotify:artist:5KuuNGYTUTokLerXMNYCGL","Ho99o9","2017-05-05","https://i.scdn.co/image/ab67616d0000b2739fa993d208db837443c3596b","1","8","170240","https://p.scdn.co/mp3-preview/052ee0ea04ebca844a3a52c304ac79db0c141e8c?cid=9950ac751e34487dbbe027c4fd7f8e99","true","23","spotify:user:l4xz9k88ino2imr81wom61l1y","2018-01-09T06:35:37Z"
"spotify:track:3NuN59jpH3B5cNa2M4r7XG","BOOGIE","spotify:artist:1Bl6wpkWCQ4KVgnASpvzzA","BROCKHAMPTON","spotify:album:5c2AzoNyr46fCQM5d8mxE0","SATURATION III","spotify:artist:1Bl6wpkWCQ4KVgnASpvzzA","BROCKHAMPTON","2017-12-15","https://i.scdn.co/image/ab67616d0000b273ef51817e6a6563b6f7ce5872","1","1","193154","https://p.scdn.co/mp3-preview/b14504eca0081c6ca2dac2480c6b6382495045b2?cid=9950ac751e34487dbbe027c4fd7f8e99","true","62","spotify:user:l4xz9k88ino2imr81wom61l1y","2018-01-09T06:31:41Z"
"spotify:track:4sEnZad9gvLSLkyt8DW11O","QUEER","spotify:artist:1Bl6wpkWCQ4KVgnASpvzzA","BROCKHAMPTON","spotify:album:0XnqQzdSFAml08XZoRt1St","SATURATION II","spotify:artist:1Bl6wpkWCQ4KVgnASpvzzA","BROCKHAMPTON","2017-08-25","https://i.scdn.co/image/ab67616d0000b2737d15fb20303a589acc1ab98b","1","2","227648","https://p.scdn.co/mp3-preview/45a7fadff51bf3832514ce331f019b9756f7ffb6?cid=9950ac751e34487dbbe027c4fd7f8e99","true","54","spotify:user:l4xz9k88ino2imr81wom61l1y","2018-01-09T06:31:48Z"
"spotify:track:6HZILIRieu8S0iqY8kIKhj","DNA.","spotify:artist:2YZyLoL8N0Wb9xBt1NhZWg","Kendrick Lamar","spotify:album:4eLPsYPBmXABThSJ821sqY","DAMN.","spotify:artist:2YZyLoL8N0Wb9xBt1NhZWg","Kendrick Lamar","2017-04-14","https://i.scdn.co/image/ab67616d0000b2738b52c6b9bc4e43d873869699","1","2","185946","https://p.scdn.co/mp3-preview/aec48a4071604915de3bf1556393279ef3435b52?cid=9950ac751e34487dbbe027c4fd7f8e99","true","78","spotify:user:l4xz9k88ino2imr81wom61l1y","2018-01-09T06:37:01Z"
"spotify:track:4owRIrDAJPqNWGf2SGC3H8","Mount Sinai","spotify:artist:1VPmR4DJC1PlOtd0IADAO0","$uicideboy$","spotify:album:4c883HVf99qEtZNFzprNli","High Tide In The Snake's Nest","spotify:artist:1VPmR4DJC1PlOtd0IADAO0","$uicideboy$","2015-06-15","https://i.scdn.co/image/ab67616d0000b273bbd2c3fb76c9c0e8aeca82ed","1","4","145635","","true","22","spotify:user:l4xz9k88ino2imr81wom61l1y","2018-01-09T06:33:04Z"
"spotify:track:3bNCifwGPjqeeqzpjrFG9k","Magazine","spotify:artist:1VPmR4DJC1PlOtd0IADAO0","$uicideboy$","spotify:album:2WI0MZ3Jb7WmcpF3CQiNJx","Radical $uicide","spotify:artist:1VPmR4DJC1PlOtd0IADAO0, spotify:artist:3QryVD03gGZOLQQXjy3EoA","$uicideboy$, Getter","2016-07-22","https://i.scdn.co/image/ab67616d0000b273c45b16235992f5dffca1e705","1","4","131500","","true","19","spotify:user:l4xz9k88ino2imr81wom61l1y","2018-01-09T06:33:25Z"
"spotify:track:68XCDRI6AzwJm30y4FgLeq","Dope Fiend Rental (feat. ScHoolboy Q)","spotify:artist:7aA592KWirLsnfb5ulGWvU, spotify:artist:5IcR3N7QB1j6KBL8eImZ8m","Danny Brown, ScHoolboy Q","spotify:album:5SC0415RIGVX9ZfL0tfbAl","Old","spotify:artist:7aA592KWirLsnfb5ulGWvU","Danny Brown","2013-10-08","https://i.scdn.co/image/ab67616d0000b27368b3cdb0e859e5c1af35ddbd","1","6","175207","https://p.scdn.co/mp3-preview/26d2ef971889f3824cf00baaa2e97973814fdbdc?cid=9950ac751e34487dbbe027c4fd7f8e99","true","30","spotify:user:l4xz9k88ino2imr81wom61l1y","2018-01-09T06:35:08Z"
"spotify:track:3xd80KxnM4MnDcaE8bcreg","Smokin & Drinkin","spotify:artist:7aA592KWirLsnfb5ulGWvU","Danny Brown","spotify:album:5SC0415RIGVX9ZfL0tfbAl","Old","spotify:artist:7aA592KWirLsnfb5ulGWvU","Danny Brown","2013-10-08","https://i.scdn.co/image/ab67616d0000b27368b3cdb0e859e5c1af35ddbd","1","14","173192","https://p.scdn.co/mp3-preview/29d6e75f8e28faf6f0a498cee213e762da2068a0?cid=9950ac751e34487dbbe027c4fd7f8e99","true","42","spotify:user:l4xz9k88ino2imr81wom61l1y","2018-01-09T06:35:57Z"
"spotify:track:44XV05LzPeL6nFtNabtBJt","Big Beast (feat. Bun B, T.I., and Trouble)","spotify:artist:2N4EYkIlG1kv25g6Wv8LGI, spotify:artist:45a6gCQWq61lIUDmr1tKuO, spotify:artist:4OBJLual30L7gRl5UkeRcT, spotify:artist:0eayuW5zGMgvXCEmcP7ivq","Killer Mike, Bun B, T.I., Trouble","spotify:album:5EAhUoAz1G3WTvIfGZvmrh","R.A.P. Music","spotify:artist:2N4EYkIlG1kv25g6Wv8LGI","Killer Mike","2012-05-15","https://i.scdn.co/image/ab67616d0000b273395afe547468f53ce908d819","1","1","234720","https://p.scdn.co/mp3-preview/f448f306078fa40d61cdf66f599d546319262a8e?cid=9950ac751e34487dbbe027c4fd7f8e99","true","40","spotify:user:l4xz9k88ino2imr81wom61l1y","2018-01-09T06:37:12Z"
"spotify:track:0CBLqGc1esSZ5dM2gOZHsU","Talk to Me","spotify:artist:4RnBFZRiMLRyZy0AzzTg2C","Run The Jewels","spotify:album:3v2GjFB9V5kHgrOCXn3sI9","Run the Jewels 3","spotify:artist:4RnBFZRiMLRyZy0AzzTg2C","Run The Jewels","2016-12-25","https://i.scdn.co/image/ab67616d0000b273c48e082c2f19af0edf06f18a","1","2","151226","https://p.scdn.co/mp3-preview/51cb8d125ea44bdc0bd9532bd93bb315c7d25bce?cid=9950ac751e34487dbbe027c4fd7f8e99","true","49","spotify:user:l4xz9k88ino2imr81wom61l1y","2018-01-09T06:37:29Z"
"spotify:track:4RnfMhMUMqHlrn4V6A3KfS","Legend Has It","spotify:artist:4RnBFZRiMLRyZy0AzzTg2C","Run The Jewels","spotify:album:3v2GjFB9V5kHgrOCXn3sI9","Run the Jewels 3","spotify:artist:4RnBFZRiMLRyZy0AzzTg2C","Run The Jewels","2016-12-25","https://i.scdn.co/image/ab67616d0000b273c48e082c2f19af0edf06f18a","1","3","205866","https://p.scdn.co/mp3-preview/91ad2b35e5335c11c5d70533a10ee0b9f86cc862?cid=9950ac751e34487dbbe027c4fd7f8e99","true","58","spotify:user:l4xz9k88ino2imr81wom61l1y","2018-01-09T06:37:29Z"
"spotify:track:3aGibUHhQyBsyumYHylw0K","Backseat Freestyle","spotify:artist:2YZyLoL8N0Wb9xBt1NhZWg","Kendrick Lamar","spotify:album:3DGQ1iZ9XKUQxAUWjfC34w","good kid, m.A.A.d city (Deluxe)","spotify:artist:2YZyLoL8N0Wb9xBt1NhZWg","Kendrick Lamar","2012","https://i.scdn.co/image/ab67616d0000b273d58e537cea05c2156792c53d","1","3","212653","https://p.scdn.co/mp3-preview/599813b15ec36abbacc6aa9d2ee4509f3b257f23?cid=9950ac751e34487dbbe027c4fd7f8e99","true","68","spotify:user:l4xz9k88ino2imr81wom61l1y","2018-01-09T06:38:55Z"
"spotify:track:0d0jsoba88SpOoFxCxA2rZ","The Art of Peer Pressure","spotify:artist:2YZyLoL8N0Wb9xBt1NhZWg","Kendrick Lamar","spotify:album:3DGQ1iZ9XKUQxAUWjfC34w","good kid, m.A.A.d city (Deluxe)","spotify:artist:2YZyLoL8N0Wb9xBt1NhZWg","Kendrick Lamar","2012","https://i.scdn.co/image/ab67616d0000b273d58e537cea05c2156792c53d","1","4","324533","https://p.scdn.co/mp3-preview/03d94d013613fd1d68242091882a17f72b92c169?cid=9950ac751e34487dbbe027c4fd7f8e99","true","57","spotify:user:l4xz9k88ino2imr81wom61l1y","2018-01-09T06:39:02Z"
"spotify:track:3gVaOBlP4CaRqfUttZ4Avd","Oh My Darling Don't Cry","spotify:artist:4RnBFZRiMLRyZy0AzzTg2C","Run The Jewels","spotify:album:2lPYlP4eumsjz6LBG8GCbG","Run the Jewels 2","spotify:artist:4RnBFZRiMLRyZy0AzzTg2C","Run The Jewels","2014-10-24","https://i.scdn.co/image/ab67616d0000b27358fd7121f556c9c7476d99cf","1","2","204840","","false","0","spotify:user:l4xz9k88ino2imr81wom61l1y","2018-01-09T06:37:59Z"
"spotify:track:2KxIMZDazuXN3yvPC6Kqwn","Blockbuster Night Part 1","spotify:artist:4RnBFZRiMLRyZy0AzzTg2C","Run The Jewels","spotify:album:2lPYlP4eumsjz6LBG8GCbG","Run the Jewels 2","spotify:artist:4RnBFZRiMLRyZy0AzzTg2C","Run The Jewels","2014-10-24","https://i.scdn.co/image/ab67616d0000b27358fd7121f556c9c7476d99cf","1","3","152253","","true","0","spotify:user:l4xz9k88ino2imr81wom61l1y","2018-01-09T06:37:59Z"
"spotify:track:4JeQKkqHge23LL68N1sZJT","Banana Clipper (feat. Big Boi)","spotify:artist:4RnBFZRiMLRyZy0AzzTg2C, spotify:artist:2ht3wxeT69CzyKFChNnNAB","Run The Jewels, Big Boi","spotify:album:0hVXUOlozgihW44G4Il0Gu","Run the Jewels","spotify:artist:4RnBFZRiMLRyZy0AzzTg2C","Run The Jewels","2014-09-16","https://i.scdn.co/image/ab67616d0000b273dd51327be67c3bacb88fb543","1","2","171493","","true","0","spotify:user:l4xz9k88ino2imr81wom61l1y","2018-01-09T06:38:11Z"
"spotify:track:1rU7n8ZVGbIprbunBky72s","Get It","spotify:artist:4RnBFZRiMLRyZy0AzzTg2C","Run The Jewels","spotify:album:0hVXUOlozgihW44G4Il0Gu","Run the Jewels","spotify:artist:4RnBFZRiMLRyZy0AzzTg2C","Run The Jewels","2014-09-16","https://i.scdn.co/image/ab67616d0000b273dd51327be67c3bacb88fb543","1","8","179999","","true","0","spotify:user:l4xz9k88ino2imr81wom61l1y","2018-01-09T06:38:11Z"
"spotify:track:2gZUPNdnz5Y45eiGxpHGSc","POWER","spotify:artist:5K4W6rqBFWDnAN6FQUkS6x","Kanye West","spotify:album:20r762YmB5HeofjMCiPMLv","My Beautiful Dark Twisted Fantasy","spotify:artist:5K4W6rqBFWDnAN6FQUkS6x","Kanye West","2010-11-22","https://i.scdn.co/image/ab67616d0000b273d9194aa18fa4c9362b47464f","1","3","292093","https://p.scdn.co/mp3-preview/9ad1166e2cdd2dc3bc4ff1b9abb4d33bc84af89f?cid=9950ac751e34487dbbe027c4fd7f8e99","true","78","spotify:user:l4xz9k88ino2imr81wom61l1y","2018-01-09T19:41:51Z"
"spotify:track:22L7bfCiAkJo5xGSQgmiIO","All Of The Lights","spotify:artist:5K4W6rqBFWDnAN6FQUkS6x","Kanye West","spotify:album:20r762YmB5HeofjMCiPMLv","My Beautiful Dark Twisted Fantasy","spotify:artist:5K4W6rqBFWDnAN6FQUkS6x","Kanye West","2010-11-22","https://i.scdn.co/image/ab67616d0000b273d9194aa18fa4c9362b47464f","1","5","299613","https://p.scdn.co/mp3-preview/027268461be981db140e4ac97177e8dc7f8884f5?cid=9950ac751e34487dbbe027c4fd7f8e99","true","76","spotify:user:l4xz9k88ino2imr81wom61l1y","2018-01-09T19:41:51Z"
"spotify:track:1ZHYJ2Wwgxes4m8Ba88PeK","Monster","spotify:artist:5K4W6rqBFWDnAN6FQUkS6x, spotify:artist:3nFkdlSjzX9mRTtwJOzDYB, spotify:artist:1sBkRIssrMs1AbVkOJbc7a, spotify:artist:0hCNtLu0JehylgoiP8L4Gh, spotify:artist:4LEiUm1SRbFMgfqnQTwUbQ","Kanye West, JAY-Z, Rick Ross, Nicki Minaj, Bon Iver","spotify:album:20r762YmB5HeofjMCiPMLv","My Beautiful Dark Twisted Fantasy","spotify:artist:5K4W6rqBFWDnAN6FQUkS6x","Kanye West","2010-11-22","https://i.scdn.co/image/ab67616d0000b273d9194aa18fa4c9362b47464f","1","6","378893","https://p.scdn.co/mp3-preview/3b5a0fee69e00ec475084b7f0f37183fea05d79a?cid=9950ac751e34487dbbe027c4fd7f8e99","true","71","spotify:user:l4xz9k88ino2imr81wom61l1y","2018-01-09T19:41:51Z"
"spotify:track:1UGD3lW3tDmgZfAVDh6w7r","Devil In A New Dress","spotify:artist:5K4W6rqBFWDnAN6FQUkS6x, spotify:artist:1sBkRIssrMs1AbVkOJbc7a","Kanye West, Rick Ross","spotify:album:20r762YmB5HeofjMCiPMLv","My Beautiful Dark Twisted Fantasy","spotify:artist:5K4W6rqBFWDnAN6FQUkS6x","Kanye West","2010-11-22","https://i.scdn.co/image/ab67616d0000b273d9194aa18fa4c9362b47464f","1","8","351946","https://p.scdn.co/mp3-preview/120efcdcc09e62ec0511fb6138ee97f0e86a22e5?cid=9950ac751e34487dbbe027c4fd7f8e99","true","75","spotify:user:l4xz9k88ino2imr81wom61l1y","2018-01-09T19:41:51Z"
"spotify:track:4EndPA8b6FDWYp1RgsnLEB","Blame Game","spotify:artist:5K4W6rqBFWDnAN6FQUkS6x, spotify:artist:5y2Xq6xcjJb2jVM54GHK3t","Kanye West, John Legend","spotify:album:20r762YmB5HeofjMCiPMLv","My Beautiful Dark Twisted Fantasy","spotify:artist:5K4W6rqBFWDnAN6FQUkS6x","Kanye West","2010-11-22","https://i.scdn.co/image/ab67616d0000b273d9194aa18fa4c9362b47464f","1","11","469866","https://p.scdn.co/mp3-preview/e47839edf6f9c2af4003bdb055f1676b33c7d366?cid=9950ac751e34487dbbe027c4fd7f8e99","true","61","spotify:user:l4xz9k88ino2imr81wom61l1y","2018-01-09T19:41:51Z"
"spotify:track:2Im64pIz6m0EJKdUe6eZ8r","Lost In The World","spotify:artist:5K4W6rqBFWDnAN6FQUkS6x, spotify:artist:4LEiUm1SRbFMgfqnQTwUbQ","Kanye West, Bon Iver","spotify:album:20r762YmB5HeofjMCiPMLv","My Beautiful Dark Twisted Fantasy","spotify:artist:5K4W6rqBFWDnAN6FQUkS6x","Kanye West","2010-11-22","https://i.scdn.co/image/ab67616d0000b273d9194aa18fa4c9362b47464f","1","12","256586","https://p.scdn.co/mp3-preview/483a51d82d234d95e7e02272b5a1a4b01cde2043?cid=9950ac751e34487dbbe027c4fd7f8e99","true","62","spotify:user:l4xz9k88ino2imr81wom61l1y","2018-01-09T19:41:51Z"
"spotify:track:2Lo2BWhhlZSJds2yBhxoet","Worldwide Choppers","spotify:artist:6UBA15slIuadJ8h2lPRPos","Tech N9ne","spotify:album:0ytQrBinlg9hb4uoaEmk37","All 6's And 7's","spotify:artist:6UBA15slIuadJ8h2lPRPos","Tech N9ne","2011-06-07","https://i.scdn.co/image/ab67616d0000b2736a0b17b302637c4094433f09","1","6","326426","https://p.scdn.co/mp3-preview/ae27fb79fe81c7af88d50732f7cea6d805e08c3d?cid=9950ac751e34487dbbe027c4fd7f8e99","true","59","spotify:user:l4xz9k88ino2imr81wom61l1y","2018-01-09T06:40:29Z"
"spotify:track:1JTZqN0snbMSNtp59zveTs","Am I A Psycho","spotify:artist:6UBA15slIuadJ8h2lPRPos","Tech N9ne","spotify:album:0ytQrBinlg9hb4uoaEmk37","All 6's And 7's","spotify:artist:6UBA15slIuadJ8h2lPRPos","Tech N9ne","2011-06-07","https://i.scdn.co/image/ab67616d0000b2736a0b17b302637c4094433f09","1","4","244306","https://p.scdn.co/mp3-preview/7508a3dda6e60a36c9d53bc5487f07a2c61f29c7?cid=9950ac751e34487dbbe027c4fd7f8e99","true","61","spotify:user:l4xz9k88ino2imr81wom61l1y","2018-01-09T06:40:29Z"
"spotify:track:6RxBOcVOB3xzowxDBzTCVd","He's A Mental Giant","spotify:artist:6UBA15slIuadJ8h2lPRPos","Tech N9ne","spotify:album:0ytQrBinlg9hb4uoaEmk37","All 6's And 7's","spotify:artist:6UBA15slIuadJ8h2lPRPos","Tech N9ne","2011-06-07","https://i.scdn.co/image/ab67616d0000b2736a0b17b302637c4094433f09","1","5","234146","https://p.scdn.co/mp3-preview/f06197f30a59891fee6a0f6124b9c04e340073f2?cid=9950ac751e34487dbbe027c4fd7f8e99","true","49","spotify:user:l4xz9k88ino2imr81wom61l1y","2018-01-09T06:40:39Z"
"spotify:track:2Xk50QBg06pdvGPbvzA4ON","Hoover","spotify:artist:67lytN32YpUxiSeWlKfHJ3","Yung Lean","spotify:album:3OHYFlFMX0kx8NrPbfk04p","Warlord (Deluxe)","spotify:artist:67lytN32YpUxiSeWlKfHJ3","Yung Lean","2016-02-25","https://i.scdn.co/image/ab67616d0000b273eede620ac37065eaa0aec23a","1","5","160879","https://p.scdn.co/mp3-preview/febba65edc0e8c36c96e08228aa30fc5617ad67e?cid=9950ac751e34487dbbe027c4fd7f8e99","true","48","spotify:user:l4xz9k88ino2imr81wom61l1y","2018-01-09T06:40:47Z"
"spotify:track:33i3xxHB4YSYGYbtJrwwO8","Foreword (feat. Rex Orange County)","spotify:artist:4V8LLVI7PbaPR0K2TGSxFF, spotify:artist:7pbDxGE6nQSZVfiFdq9lOL","Tyler\, The Creator, Rex Orange County","spotify:album:2nkto6YNI4rUYTLqEwWJ3o","Flower Boy","spotify:artist:4V8LLVI7PbaPR0K2TGSxFF","Tyler\, The Creator","2017-07-21","https://i.scdn.co/image/ab67616d0000b2738940ac99f49e44f59e6f7fb3","1","1","194080","https://p.scdn.co/mp3-preview/1f4b5e8c8fd2f0afa00311695a2f567e2c178546?cid=9950ac751e34487dbbe027c4fd7f8e99","true","63","spotify:user:l4xz9k88ino2imr81wom61l1y","2018-01-09T06:51:10Z"
"spotify:track:6KuXb26rHuRy3ZDse1VRmx","Where This Flower Blooms (feat. Frank Ocean)","spotify:artist:4V8LLVI7PbaPR0K2TGSxFF, spotify:artist:2h93pZq0e7k5yf4dywlkpM","Tyler\, The Creator, Frank Ocean","spotify:album:2nkto6YNI4rUYTLqEwWJ3o","Flower Boy","spotify:artist:4V8LLVI7PbaPR0K2TGSxFF","Tyler\, The Creator","2017-07-21","https://i.scdn.co/image/ab67616d0000b2738940ac99f49e44f59e6f7fb3","1","2","194933","https://p.scdn.co/mp3-preview/bb4bc51e1bd0b4cb806a108f6d68c8e42ac5a659?cid=9950ac751e34487dbbe027c4fd7f8e99","true","68","spotify:user:l4xz9k88ino2imr81wom61l1y","2018-01-09T06:51:10Z"
"spotify:track:21yRtB6B8EMounImAfHRCP","Who Dat Boy (feat. A$AP Rocky)","spotify:artist:4V8LLVI7PbaPR0K2TGSxFF, spotify:artist:13ubrt8QOOCPljQ2FL1Kca","Tyler\, The Creator, A$AP Rocky","spotify:album:2nkto6YNI4rUYTLqEwWJ3o","Flower Boy","spotify:artist:4V8LLVI7PbaPR0K2TGSxFF","Tyler\, The Creator","2017-07-21","https://i.scdn.co/image/ab67616d0000b2738940ac99f49e44f59e6f7fb3","1","5","205093","https://p.scdn.co/mp3-preview/b150fc166941abb97b0c12d622ddbdcd54b00d11?cid=9950ac751e34487dbbe027c4fd7f8e99","true","68","spotify:user:l4xz9k88ino2imr81wom61l1y","2018-01-09T06:51:10Z"
"spotify:track:5SxlUF7J8tyFIEF22EomeP","Pothole (feat. Jaden Smith)","spotify:artist:4V8LLVI7PbaPR0K2TGSxFF, spotify:artist:0xOeVMOz2fVg5BJY3N6akT","Tyler\, The Creator, Jaden","spotify:album:2nkto6YNI4rUYTLqEwWJ3o","Flower Boy","spotify:artist:4V8LLVI7PbaPR0K2TGSxFF","Tyler\, The Creator","2017-07-21","https://i.scdn.co/image/ab67616d0000b2738940ac99f49e44f59e6f7fb3","1","6","237000","https://p.scdn.co/mp3-preview/add27c46555b937ce7139239e3e1f173be0db030?cid=9950ac751e34487dbbe027c4fd7f8e99","true","62","spotify:user:l4xz9k88ino2imr81wom61l1y","2018-01-09T06:51:10Z"
"spotify:track:5WNYg3usc6H8N3MBEp4zVk","Boredom (feat. Rex Orange County & Anna of the North)","spotify:artist:4V8LLVI7PbaPR0K2TGSxFF, spotify:artist:7pbDxGE6nQSZVfiFdq9lOL, spotify:artist:1mSJCvDX0W7Dn7S9C6vmvI","Tyler\, The Creator, Rex Orange County, Anna of the North","spotify:album:2nkto6YNI4rUYTLqEwWJ3o","Flower Boy","spotify:artist:4V8LLVI7PbaPR0K2TGSxFF","Tyler\, The Creator","2017-07-21","https://i.scdn.co/image/ab67616d0000b2738940ac99f49e44f59e6f7fb3","1","8","320720","https://p.scdn.co/mp3-preview/ee5750bdd065b2bab155601ca00994bcfeee1537?cid=9950ac751e34487dbbe027c4fd7f8e99","true","73","spotify:user:l4xz9k88ino2imr81wom61l1y","2018-01-09T06:51:10Z"
"spotify:track:430qNtapCS3Ue1yoSql1oV","I Ain't Got Time!","spotify:artist:4V8LLVI7PbaPR0K2TGSxFF","Tyler\, The Creator","spotify:album:2nkto6YNI4rUYTLqEwWJ3o","Flower Boy","spotify:artist:4V8LLVI7PbaPR0K2TGSxFF","Tyler\, The Creator","2017-07-21","https://i.scdn.co/image/ab67616d0000b2738940ac99f49e44f59e6f7fb3","1","9","206266","https://p.scdn.co/mp3-preview/91bcf8d0270ffc682bcce8b2c44677db5aa2eb72?cid=9950ac751e34487dbbe027c4fd7f8e99","true","61","spotify:user:l4xz9k88ino2imr81wom61l1y","2018-01-09T06:51:10Z"
"spotify:track:4XDpeWqPADoWRKcUY3dC84","November","spotify:artist:4V8LLVI7PbaPR0K2TGSxFF","Tyler\, The Creator","spotify:album:2nkto6YNI4rUYTLqEwWJ3o","Flower Boy","spotify:artist:4V8LLVI7PbaPR0K2TGSxFF","Tyler\, The Creator","2017-07-21","https://i.scdn.co/image/ab67616d0000b2738940ac99f49e44f59e6f7fb3","1","12","225346","https://p.scdn.co/mp3-preview/3b479dc80f6de288e03b101996692c8806240a86?cid=9950ac751e34487dbbe027c4fd7f8e99","true","61","spotify:user:l4xz9k88ino2imr81wom61l1y","2018-01-09T06:51:10Z"
"spotify:track:4irYeuAi87yyGHcI4h9s0x","Paris","spotify:artist:1VPmR4DJC1PlOtd0IADAO0","$uicideboy$","spotify:album:2zQsirZE9McFbEoLkhxcpk","Now The Moon's Rising","spotify:artist:1VPmR4DJC1PlOtd0IADAO0","$uicideboy$","2015-11-20","https://i.scdn.co/image/ab67616d0000b2730cad7d54d9e2d26dca85c587","1","1","111020","","true","30","spotify:user:l4xz9k88ino2imr81wom61l1y","2018-01-09T06:42:01Z"
"spotify:track:3SCVHoGHV7GL0hmqcOIpqh","Memoirs Of A Gorilla","spotify:artist:1VPmR4DJC1PlOtd0IADAO0","$uicideboy$","spotify:album:2WI0MZ3Jb7WmcpF3CQiNJx","Radical $uicide","spotify:artist:1VPmR4DJC1PlOtd0IADAO0, spotify:artist:3QryVD03gGZOLQQXjy3EoA","$uicideboy$, Getter","2016-07-22","https://i.scdn.co/image/ab67616d0000b273c45b16235992f5dffca1e705","1","5","122000","","true","18","spotify:user:l4xz9k88ino2imr81wom61l1y","2018-01-09T06:42:01Z"
"spotify:track:240audWazVjwvwh7XwfSZE","For the Last Time","spotify:artist:1VPmR4DJC1PlOtd0IADAO0","$uicideboy$","spotify:album:4CcyRnFW6Vgf372ca3xFGR","For the Last Time","spotify:artist:1VPmR4DJC1PlOtd0IADAO0","$uicideboy$","2017-09-05","https://i.scdn.co/image/ab67616d0000b273f795a2962820664b4112901e","1","1","156081","https://p.scdn.co/mp3-preview/ca215d2a7747b6ac421d1a193f5013328a7c4e51?cid=9950ac751e34487dbbe027c4fd7f8e99","true","72","spotify:user:l4xz9k88ino2imr81wom61l1y","2018-01-09T06:42:36Z"
"spotify:track:6yaYG1GgD0cYJvvbB02iRz","Warping","spotify:artist:5RADpgYLOuS2ZxDq7ggYYH","Death Grips","spotify:album:4dIPUQHheyH9e6ioplvNT2","Bottomless Pit","spotify:artist:5RADpgYLOuS2ZxDq7ggYYH","Death Grips","2016-05-06","https://i.scdn.co/image/ab67616d0000b273a154492c2d4d630f1eae8a3a","1","4","174278","https://p.scdn.co/mp3-preview/fe9baa0cddb3d40f0d5734b7f0b98fbb7c26d59c?cid=9950ac751e34487dbbe027c4fd7f8e99","true","39","spotify:user:l4xz9k88ino2imr81wom61l1y","2018-01-09T06:42:44Z"
"spotify:track:5omw3XrPfroPWc9qLEkku9","Houdini","spotify:artist:5RADpgYLOuS2ZxDq7ggYYH","Death Grips","spotify:album:4dIPUQHheyH9e6ioplvNT2","Bottomless Pit","spotify:artist:5RADpgYLOuS2ZxDq7ggYYH","Death Grips","2016-05-06","https://i.scdn.co/image/ab67616d0000b273a154492c2d4d630f1eae8a3a","1","8","164315","https://p.scdn.co/mp3-preview/398488f8ff56be450d688e0b10d36c6f77caeb5e?cid=9950ac751e34487dbbe027c4fd7f8e99","true","38","spotify:user:l4xz9k88ino2imr81wom61l1y","2018-01-09T06:42:54Z"
"spotify:track:5wtlMHHDKJuokR4a02thk2","Three Bedrooms In A Good Neighborhood","spotify:artist:5RADpgYLOuS2ZxDq7ggYYH","Death Grips","spotify:album:4dIPUQHheyH9e6ioplvNT2","Bottomless Pit","spotify:artist:5RADpgYLOuS2ZxDq7ggYYH","Death Grips","2016-05-06","https://i.scdn.co/image/ab67616d0000b273a154492c2d4d630f1eae8a3a","1","10","183187","https://p.scdn.co/mp3-preview/04dba1464ca2233a53864f3d7898e9a6b57928b5?cid=9950ac751e34487dbbe027c4fd7f8e99","true","43","spotify:user:l4xz9k88ino2imr81wom61l1y","2018-01-09T06:42:54Z"
"spotify:track:39GBFwBe4GGk7i3yr3F46P","3030","spotify:artist:2efzHZrUGhawnSOTpyAHOQ, spotify:artist:0YsLR3SQd5QTXAhGIGX7cl, spotify:artist:4fv5w0LJib9OMbXQegqZ01, spotify:artist:2s0438sn0pYL2OuukcFqPN","Deltron 3030, Del The Funky Homosapien, Dan The Automator, Kid Koala","spotify:album:04uhhcjGVCHodMgZjXOlye","Deltron 3030","spotify:artist:2efzHZrUGhawnSOTpyAHOQ","Deltron 3030","2000","https://i.scdn.co/image/ab67616d0000b273210c8f856757abec0806209c","1","2","449480","https://p.scdn.co/mp3-preview/028702357d2aa6eccb6491f973ab4ea07097d94d?cid=9950ac751e34487dbbe027c4fd7f8e99","false","52","spotify:user:l4xz9k88ino2imr81wom61l1y","2018-01-09T06:43:50Z"
"spotify:track:3LRUR23xkDdMSOPhTnLv2d","Things You Can Do","spotify:artist:2efzHZrUGhawnSOTpyAHOQ, spotify:artist:0YsLR3SQd5QTXAhGIGX7cl, spotify:artist:4fv5w0LJib9OMbXQegqZ01, spotify:artist:2s0438sn0pYL2OuukcFqPN","Deltron 3030, Del The Funky Homosapien, Dan The Automator, Kid Koala","spotify:album:04uhhcjGVCHodMgZjXOlye","Deltron 3030","spotify:artist:2efzHZrUGhawnSOTpyAHOQ","Deltron 3030","2000","https://i.scdn.co/image/ab67616d0000b273210c8f856757abec0806209c","1","4","299826","https://p.scdn.co/mp3-preview/a1f9b3f698fc7bbe48aa97857b0bf42e22420567?cid=9950ac751e34487dbbe027c4fd7f8e99","false","42","spotify:user:l4xz9k88ino2imr81wom61l1y","2018-01-09T06:43:53Z"
"spotify:track:7ItFoQDmQIh3MAPsxiP6Vt","Ain't it Funny","spotify:artist:7aA592KWirLsnfb5ulGWvU","Danny Brown","spotify:album:3e7vtKJ3m1zVh38VGq2g3H","Atrocity Exhibition","spotify:artist:7aA592KWirLsnfb5ulGWvU","Danny Brown","2016-09-27","https://i.scdn.co/image/ab67616d0000b2733e25c9ef701bb637773531fe","1","6","177025","https://p.scdn.co/mp3-preview/2d8a26b57fa210879b2a802903421118a83e373e?cid=9950ac751e34487dbbe027c4fd7f8e99","true","57","spotify:user:l4xz9k88ino2imr81wom61l1y","2018-01-09T06:46:02Z"
"spotify:track:6iMo7yzmXqMC57FOHOSotz","Golddust","spotify:artist:7aA592KWirLsnfb5ulGWvU","Danny Brown","spotify:album:3e7vtKJ3m1zVh38VGq2g3H","Atrocity Exhibition","spotify:artist:7aA592KWirLsnfb5ulGWvU","Danny Brown","2016-09-27","https://i.scdn.co/image/ab67616d0000b2733e25c9ef701bb637773531fe","1","7","144118","https://p.scdn.co/mp3-preview/f98a570279f546891a2445e41997a269802aa61a?cid=9950ac751e34487dbbe027c4fd7f8e99","true","40","spotify:user:l4xz9k88ino2imr81wom61l1y","2018-01-09T06:46:02Z"
"spotify:track:3fqfuK6PQITWU0fCKfo31d","White Lines","spotify:artist:7aA592KWirLsnfb5ulGWvU","Danny Brown","spotify:album:3e7vtKJ3m1zVh38VGq2g3H","Atrocity Exhibition","spotify:artist:7aA592KWirLsnfb5ulGWvU","Danny Brown","2016-09-27","https://i.scdn.co/image/ab67616d0000b2733e25c9ef701bb637773531fe","1","8","143729","https://p.scdn.co/mp3-preview/12bf96a1e57e4fc9d9b23ad07ffd5adc40caaf9d?cid=9950ac751e34487dbbe027c4fd7f8e99","true","39","spotify:user:l4xz9k88ino2imr81wom61l1y","2018-01-09T06:46:02Z"
"spotify:track:6l2Q1Jb5c2VycqDEzp5ZlJ","Pneumonia","spotify:artist:7aA592KWirLsnfb5ulGWvU","Danny Brown","spotify:album:3e7vtKJ3m1zVh38VGq2g3H","Atrocity Exhibition","spotify:artist:7aA592KWirLsnfb5ulGWvU","Danny Brown","2016-09-27","https://i.scdn.co/image/ab67616d0000b2733e25c9ef701bb637773531fe","1","9","219883","https://p.scdn.co/mp3-preview/2524418cdb7b8fec1e4d7d838c741b1f23bb3bfd?cid=9950ac751e34487dbbe027c4fd7f8e99","true","42","spotify:user:l4xz9k88ino2imr81wom61l1y","2018-01-09T06:46:02Z"
"spotify:track:2DGbSEkVncvcUJzFYN0V9y","When It Rain","spotify:artist:7aA592KWirLsnfb5ulGWvU","Danny Brown","spotify:album:3e7vtKJ3m1zVh38VGq2g3H","Atrocity Exhibition","spotify:artist:7aA592KWirLsnfb5ulGWvU","Danny Brown","2016-09-27","https://i.scdn.co/image/ab67616d0000b2733e25c9ef701bb637773531fe","1","12","195966","https://p.scdn.co/mp3-preview/f9847d24620ddbc7476cd66cfb6e406526031274?cid=9950ac751e34487dbbe027c4fd7f8e99","true","43","spotify:user:l4xz9k88ino2imr81wom61l1y","2018-01-09T06:46:02Z"
"spotify:track:08c88SUGPT9KMlYZxun3N4","Street Power","spotify:artist:5KuuNGYTUTokLerXMNYCGL","Ho99o9","spotify:album:3HXoKCEl7KReZyU8yqgpiS","United States Of Horror","spotify:artist:5KuuNGYTUTokLerXMNYCGL","Ho99o9","2017-05-05","https://i.scdn.co/image/ab67616d0000b2739fa993d208db837443c3596b","1","3","204666","https://p.scdn.co/mp3-preview/6db6fb3f4426615c2bd8743e0cd0c02c143964bb?cid=9950ac751e34487dbbe027c4fd7f8e99","true","32","spotify:user:l4xz9k88ino2imr81wom61l1y","2018-01-09T06:54:32Z"
"spotify:track:702cpW5gDniZy682ox5lUP","Bleed War","spotify:artist:5KuuNGYTUTokLerXMNYCGL","Ho99o9","spotify:album:3HXoKCEl7KReZyU8yqgpiS","United States Of Horror","spotify:artist:5KuuNGYTUTokLerXMNYCGL","Ho99o9","2017-05-05","https://i.scdn.co/image/ab67616d0000b2739fa993d208db837443c3596b","1","6","134813","https://p.scdn.co/mp3-preview/0754ef832f1295806cd4d92c1806679870b63bf5?cid=9950ac751e34487dbbe027c4fd7f8e99","true","22","spotify:user:l4xz9k88ino2imr81wom61l1y","2018-01-09T06:55:00Z"
"spotify:track:12rJfJouowh9qoNUT8sdwp","Knuckle Up","spotify:artist:5KuuNGYTUTokLerXMNYCGL","Ho99o9","spotify:album:3HXoKCEl7KReZyU8yqgpiS","United States Of Horror","spotify:artist:5KuuNGYTUTokLerXMNYCGL","Ho99o9","2017-05-05","https://i.scdn.co/image/ab67616d0000b2739fa993d208db837443c3596b","1","9","237853","https://p.scdn.co/mp3-preview/3ffeffaaa503eabd12d2230c292dadf38ed5267c?cid=9950ac751e34487dbbe027c4fd7f8e99","true","36","spotify:user:l4xz9k88ino2imr81wom61l1y","2018-01-09T06:57:25Z"
"spotify:track:0GIF0mcmAUMncJZFKnoywe","Accordion","spotify:artist:2aoFQUeHD1U7pL098lRsDU","Madvillain","spotify:album:61809gZj46tFYs0g4s51nu","Madvillainy","spotify:artist:2aoFQUeHD1U7pL098lRsDU","Madvillain","2004-03-24","https://i.scdn.co/image/ab67616d0000b273da34f488b06d08d90618b040","1","2","118853","","true","0","spotify:user:l4xz9k88ino2imr81wom61l1y","2018-01-09T06:51:59Z"
"spotify:track:0dIDLi5yCGx3YxnJSz7flh","Meat Grinder","spotify:artist:2aoFQUeHD1U7pL098lRsDU","Madvillain","spotify:album:61809gZj46tFYs0g4s51nu","Madvillainy","spotify:artist:2aoFQUeHD1U7pL098lRsDU","Madvillain","2004-03-24","https://i.scdn.co/image/ab67616d0000b273da34f488b06d08d90618b040","1","3","131866","","true","0","spotify:user:l4xz9k88ino2imr81wom61l1y","2018-01-09T06:51:59Z"
"spotify:track:01XyE7mEn4vFsweW7HNYo8","Bistro","spotify:artist:2aoFQUeHD1U7pL098lRsDU","Madvillain","spotify:album:61809gZj46tFYs0g4s51nu","Madvillainy","spotify:artist:2aoFQUeHD1U7pL098lRsDU","Madvillain","2004-03-24","https://i.scdn.co/image/ab67616d0000b273da34f488b06d08d90618b040","1","4","67520","","true","0","spotify:user:l4xz9k88ino2imr81wom61l1y","2018-01-09T06:52:03Z"
"spotify:track:5YUoidMogd9JTkomrKsL2n","Raid","spotify:artist:2aoFQUeHD1U7pL098lRsDU, spotify:artist:36zSkwftotDHslP3KUQpew","Madvillain, MED","spotify:album:61809gZj46tFYs0g4s51nu","Madvillainy","spotify:artist:2aoFQUeHD1U7pL098lRsDU","Madvillain","2004-03-24","https://i.scdn.co/image/ab67616d0000b273da34f488b06d08d90618b040","1","5","150520","","true","0","spotify:user:l4xz9k88ino2imr81wom61l1y","2018-01-09T06:52:43Z"
"spotify:track:3T06pIOmXJ6EkJmVRN2sv6","Curls","spotify:artist:2aoFQUeHD1U7pL098lRsDU","Madvillain","spotify:album:61809gZj46tFYs0g4s51nu","Madvillainy","spotify:artist:2aoFQUeHD1U7pL098lRsDU","Madvillain","2004-03-24","https://i.scdn.co/image/ab67616d0000b273da34f488b06d08d90618b040","1","9","95506","","true","0","spotify:user:l4xz9k88ino2imr81wom61l1y","2018-01-09T06:52:46Z"
"spotify:track:5pxtdhLAi0RTh1gNqhGMNA","Real Eyes","spotify:artist:1rJkz5vopfGxTUGFNB3o4G","Quasimoto","spotify:album:03K0iYeTVKHyTf0kEBoloy","The Unseen","spotify:artist:1rJkz5vopfGxTUGFNB3o4G, spotify:artist:5LhTec3c7dcqBvpLRWbMcf","Quasimoto, Madlib","2000-06-13","https://i.scdn.co/image/ab67616d0000b273018e03421de1b6a1d41501c9","1","9","202506","https://p.scdn.co/mp3-preview/ccae5b561af4201cbe3dd3d13a91e8ecb51287b0?cid=9950ac751e34487dbbe027c4fd7f8e99","true","42","spotify:user:l4xz9k88ino2imr81wom61l1y","2018-01-09T06:44:33Z"
"spotify:track:3InFcD65QGmnAC5NiFMEG9","Low Class Conspiracy","spotify:artist:1rJkz5vopfGxTUGFNB3o4G","Quasimoto","spotify:album:03K0iYeTVKHyTf0kEBoloy","The Unseen","spotify:artist:1rJkz5vopfGxTUGFNB3o4G, spotify:artist:5LhTec3c7dcqBvpLRWbMcf","Quasimoto, Madlib","2000-06-13","https://i.scdn.co/image/ab67616d0000b273018e03421de1b6a1d41501c9","1","7","146213","https://p.scdn.co/mp3-preview/e67110b20014560ff15fc49ffb09992f748f7361?cid=9950ac751e34487dbbe027c4fd7f8e99","true","48","spotify:user:l4xz9k88ino2imr81wom61l1y","2018-01-09T06:44:39Z"
"spotify:track:0wxPewdsBgCJhRRhPWpoZd","Canal","spotify:artist:2xtXCUTxmekNFB8oIYuOfe","RATKING","spotify:album:3hXl1HiPIzbR1alZy3Eaf3","So It Goes","spotify:artist:2xtXCUTxmekNFB8oIYuOfe","RATKING","2014-04-07","https://i.scdn.co/image/ab67616d0000b273432ba4afbfd0493f97768fef","1","2","183065","","true","0","spotify:user:l4xz9k88ino2imr81wom61l1y","2018-01-09T06:45:34Z"
"spotify:track:2kKWyJzIrrFyYk4ONPQmZ0","100","spotify:artist:2xtXCUTxmekNFB8oIYuOfe","RATKING","spotify:album:43k3CeYMhAqIDcsaWjdFwV","100","spotify:artist:2xtXCUTxmekNFB8oIYuOfe","RATKING","2013-11-18","https://i.scdn.co/image/ab67616d0000b2736a03a922e3e4b02c4edfaeb2","1","1","181494","","true","0","spotify:user:l4xz9k88ino2imr81wom61l1y","2018-01-09T23:18:43Z"
"spotify:track:7knROEJ6qCIlhYea80GdSA","Snow Beach","spotify:artist:2xtXCUTxmekNFB8oIYuOfe","RATKING","spotify:album:3hXl1HiPIzbR1alZy3Eaf3","So It Goes","spotify:artist:2xtXCUTxmekNFB8oIYuOfe","RATKING","2014-04-07","https://i.scdn.co/image/ab67616d0000b273432ba4afbfd0493f97768fef","1","3","402687","","true","0","spotify:user:l4xz9k88ino2imr81wom61l1y","2018-01-09T06:45:34Z"
"spotify:track:5oJEPfKRhdCt1R8d73XOiq","So Sick Stories","spotify:artist:2xtXCUTxmekNFB8oIYuOfe, spotify:artist:4wyNyxs74Ux8UIDopNjIai","RATKING, King Krule","spotify:album:3hXl1HiPIzbR1alZy3Eaf3","So It Goes","spotify:artist:2xtXCUTxmekNFB8oIYuOfe","RATKING","2014-04-07","https://i.scdn.co/image/ab67616d0000b273432ba4afbfd0493f97768fef","1","4","282380","","true","0","spotify:user:l4xz9k88ino2imr81wom61l1y","2018-01-09T06:45:34Z"
"spotify:track:4t5VsNJdwNcqPRIglwvBbs","Cocoa '88","spotify:artist:2xtXCUTxmekNFB8oIYuOfe","RATKING","spotify:album:3hXl1HiPIzbR1alZy3Eaf3","So It Goes","spotify:artist:2xtXCUTxmekNFB8oIYuOfe","RATKING","2014-04-07","https://i.scdn.co/image/ab67616d0000b273432ba4afbfd0493f97768fef","1","12","254953","","false","0","spotify:user:l4xz9k88ino2imr81wom61l1y","2018-01-09T06:45:34Z"
"spotify:track:6dHatCnuOb1TdBIeJTK3Y0","Really Doe","spotify:artist:7aA592KWirLsnfb5ulGWvU, spotify:artist:2YZyLoL8N0Wb9xBt1NhZWg, spotify:artist:0g9vAlRPK9Gt3FKCekk4TW, spotify:artist:3A5tHz1SfngyOZM2gItYKu","Danny Brown, Kendrick Lamar, Ab-Soul, Earl Sweatshirt","spotify:album:3e7vtKJ3m1zVh38VGq2g3H","Atrocity Exhibition","spotify:artist:7aA592KWirLsnfb5ulGWvU","Danny Brown","2016-09-27","https://i.scdn.co/image/ab67616d0000b2733e25c9ef701bb637773531fe","1","4","319433","https://p.scdn.co/mp3-preview/2ac75fb959d5088a66fcbdeef4373ae5c6786522?cid=9950ac751e34487dbbe027c4fd7f8e99","true","57","spotify:user:l4xz9k88ino2imr81wom61l1y","2018-01-09T06:46:02Z"
"spotify:track:2maEFaoAyNjQVv14Hm4esN","HEAT","spotify:artist:1Bl6wpkWCQ4KVgnASpvzzA","BROCKHAMPTON","spotify:album:67smHJOf5YlFwad6dAlppm","SATURATION","spotify:artist:1Bl6wpkWCQ4KVgnASpvzzA","BROCKHAMPTON","2017-06-09","https://i.scdn.co/image/ab67616d0000b273a0c4a585a7d73b4943b9bf13","1","1","272378","https://p.scdn.co/mp3-preview/f499135e08bd4c1b237e846fab8acb5259f78a73?cid=9950ac751e34487dbbe027c4fd7f8e99","true","53","spotify:user:l4xz9k88ino2imr81wom61l1y","2018-01-09T06:46:41Z"
"spotify:track:6bMLXWNukxfiUqH1D0ud1Z","CHICK","spotify:artist:1Bl6wpkWCQ4KVgnASpvzzA","BROCKHAMPTON","spotify:album:0XnqQzdSFAml08XZoRt1St","SATURATION II","spotify:artist:1Bl6wpkWCQ4KVgnASpvzzA","BROCKHAMPTON","2017-08-25","https://i.scdn.co/image/ab67616d0000b2737d15fb20303a589acc1ab98b","1","9","204382","https://p.scdn.co/mp3-preview/536d3f6cc0c6f346b7a4b65fbdee2b0871af6cca?cid=9950ac751e34487dbbe027c4fd7f8e99","true","45","spotify:user:l4xz9k88ino2imr81wom61l1y","2018-01-09T06:46:54Z"
"spotify:track:2DgMxFMUQRPthW4ROhjen1","SWEET","spotify:artist:1Bl6wpkWCQ4KVgnASpvzzA","BROCKHAMPTON","spotify:album:0XnqQzdSFAml08XZoRt1St","SATURATION II","spotify:artist:1Bl6wpkWCQ4KVgnASpvzzA","BROCKHAMPTON","2017-08-25","https://i.scdn.co/image/ab67616d0000b2737d15fb20303a589acc1ab98b","1","13","274274","https://p.scdn.co/mp3-preview/644f5d422d5d59244245c938d3402f23176e3ed3?cid=9950ac751e34487dbbe027c4fd7f8e99","true","65","spotify:user:l4xz9k88ino2imr81wom61l1y","2018-01-09T06:47:05Z"
"spotify:track:1m4C9zlV89rXTfXStluvec","ZIPPER","spotify:artist:1Bl6wpkWCQ4KVgnASpvzzA","BROCKHAMPTON","spotify:album:5c2AzoNyr46fCQM5d8mxE0","SATURATION III","spotify:artist:1Bl6wpkWCQ4KVgnASpvzzA","BROCKHAMPTON","2017-12-15","https://i.scdn.co/image/ab67616d0000b273ef51817e6a6563b6f7ce5872","1","2","202086","https://p.scdn.co/mp3-preview/957936e50e30976dd28c937f0a11420555cf35e8?cid=9950ac751e34487dbbe027c4fd7f8e99","true","57","spotify:user:l4xz9k88ino2imr81wom61l1y","2018-01-09T06:47:16Z"
"spotify:track:6BAKNnYzWjE7OYlWanmRDq","XXX","spotify:artist:7aA592KWirLsnfb5ulGWvU","Danny Brown","spotify:album:1QESrfmlfAl19Gr8mXcysi","XXX (Deluxe Edition)","spotify:artist:7aA592KWirLsnfb5ulGWvU","Danny Brown","2012-03-13","https://i.scdn.co/image/ab67616d0000b27395a3b7515ee986584694607c","1","1","110487","","true","0","spotify:user:l4xz9k88ino2imr81wom61l1y","2018-01-09T06:49:40Z"
"spotify:track:5FxELQREUBIdy6ZRqZ4iuC","Die Like A Rockstar","spotify:artist:7aA592KWirLsnfb5ulGWvU","Danny Brown","spotify:album:1QESrfmlfAl19Gr8mXcysi","XXX (Deluxe Edition)","spotify:artist:7aA592KWirLsnfb5ulGWvU","Danny Brown","2012-03-13","https://i.scdn.co/image/ab67616d0000b27395a3b7515ee986584694607c","1","2","145454","","true","0","spotify:user:l4xz9k88ino2imr81wom61l1y","2018-01-09T06:49:44Z"
"spotify:track:0rFX6pVvOkXvDgiTR5v5kX","Pac Blood","spotify:artist:7aA592KWirLsnfb5ulGWvU","Danny Brown","spotify:album:1QESrfmlfAl19Gr8mXcysi","XXX (Deluxe Edition)","spotify:artist:7aA592KWirLsnfb5ulGWvU","Danny Brown","2012-03-13","https://i.scdn.co/image/ab67616d0000b27395a3b7515ee986584694607c","1","3","152257","","true","0","spotify:user:l4xz9k88ino2imr81wom61l1y","2018-01-09T06:49:47Z"
"spotify:track:0kCfKToIFZFQQAaSQHcjRL","LTE","spotify:artist:1VPmR4DJC1PlOtd0IADAO0","$uicideboy$","spotify:album:4xaL2Tk7ZY9tUy3G3js5c5","YUNGDEATHLILLIFE","spotify:artist:1VPmR4DJC1PlOtd0IADAO0","$uicideboy$","2015-05-08","https://i.scdn.co/image/ab67616d0000b273c119fcb048a5f5aeda7013cd","1","3","133746","","true","23","spotify:user:l4xz9k88ino2imr81wom61l1y","2018-01-10T00:54:42Z"
"spotify:track:2vfvGlqCB7oertO5VLE0sz","ATLiens","spotify:artist:1G9G7WwrXka3Z1r7aIDjI7","Outkast","spotify:album:1IaBCF26OjgYwUCEPaIyC0","ATLiens","spotify:artist:1G9G7WwrXka3Z1r7aIDjI7","Outkast","1996-08-27","https://i.scdn.co/image/ab67616d0000b27384be563c5931d7ef35706148","1","3","230693","https://p.scdn.co/mp3-preview/56fcd9561959e15ccbef57a0926e1257c636ab5e?cid=9950ac751e34487dbbe027c4fd7f8e99","true","67","spotify:user:l4xz9k88ino2imr81wom61l1y","2018-01-11T09:04:33Z"
"spotify:track:2oLwDI8tZUOh6SmTMRRfKs","Elevators (Me & You)","spotify:artist:1G9G7WwrXka3Z1r7aIDjI7","Outkast","spotify:album:1IaBCF26OjgYwUCEPaIyC0","ATLiens","spotify:artist:1G9G7WwrXka3Z1r7aIDjI7","Outkast","1996-08-27","https://i.scdn.co/image/ab67616d0000b27384be563c5931d7ef35706148","1","6","265200","https://p.scdn.co/mp3-preview/047cbd4f4f5aa6e1c6aa80283a05820a9b8f6792?cid=9950ac751e34487dbbe027c4fd7f8e99","true","60","spotify:user:l4xz9k88ino2imr81wom61l1y","2018-01-11T09:04:38Z"
"spotify:track:2q8lHMMso6wx6pb5uwqzOs","Two Dope Boyz (In a Cadillac)","spotify:artist:1G9G7WwrXka3Z1r7aIDjI7","Outkast","spotify:album:1IaBCF26OjgYwUCEPaIyC0","ATLiens","spotify:artist:1G9G7WwrXka3Z1r7aIDjI7","Outkast","1996-08-27","https://i.scdn.co/image/ab67616d0000b27384be563c5931d7ef35706148","1","2","162000","https://p.scdn.co/mp3-preview/dd81ff6ab34c096ce692a18977e666c31098ebe3?cid=9950ac751e34487dbbe027c4fd7f8e99","true","50","spotify:user:l4xz9k88ino2imr81wom61l1y","2018-01-11T09:04:47Z"
"spotify:track:4gkxGrIuTzLykIq0aG5xUe","An echo from the hosts that profess infinitum","spotify:artist:6C403AR4y6PjN0xNNGh42m","Shabazz Palaces","spotify:album:6xmJwIZr8GXrSTiYa9UYXG","Black Up","spotify:artist:6C403AR4y6PjN0xNNGh42m","Shabazz Palaces","2011-06-28","https://i.scdn.co/image/ab67616d0000b2731a38ef000f3b14078a1493ee","1","2","194573","","true","0","spotify:user:l4xz9k88ino2imr81wom61l1y","2018-01-11T09:56:54Z"
"spotify:track:2wzpr7E2FkOISAbYQOtPmZ","Slip On A Banana Clip","spotify:artist:1VPmR4DJC1PlOtd0IADAO0, spotify:artist:4OYIkXBBN6ET96coWyWAXh","$uicideboy$, Germ","spotify:album:4ZoZXbJUwQafzW7wsjyeLf","DIRTIERNASTIER$UICIDE","spotify:artist:1VPmR4DJC1PlOtd0IADAO0, spotify:artist:4OYIkXBBN6ET96coWyWAXh","$uicideboy$, Germ","2017-02-21","https://i.scdn.co/image/ab67616d0000b273bff95b656e8f1691d7c72c51","1","1","137194","","true","16","spotify:user:l4xz9k88ino2imr81wom61l1y","2018-01-21T21:18:48Z"
"spotify:track:1oPxTBaK2Hjtmwd7ICWHbK","Joints & Jam","spotify:artist:1yxSLGMDHlW21z4YXirZDS","Black Eyed Peas","spotify:album:6bwBeiWNQu2g3yaa3yNpgz","Behind The Front","spotify:artist:1yxSLGMDHlW21z4YXirZDS","Black Eyed Peas","1998","https://i.scdn.co/image/ab67616d0000b273a7b167e915c105e5ef25631b","1","3","215466","https://p.scdn.co/mp3-preview/7accf33c7874c1ef8cba5d77663971890f419f39?cid=9950ac751e34487dbbe027c4fd7f8e99","true","42","spotify:user:l4xz9k88ino2imr81wom61l1y","2018-01-22T19:15:52Z"
"spotify:track:18bsblFzs3PgmtFsuFLkSD","Fallin' Up","spotify:artist:1yxSLGMDHlW21z4YXirZDS","Black Eyed Peas","spotify:album:6bwBeiWNQu2g3yaa3yNpgz","Behind The Front","spotify:artist:1yxSLGMDHlW21z4YXirZDS","Black Eyed Peas","1998","https://i.scdn.co/image/ab67616d0000b273a7b167e915c105e5ef25631b","1","1","309093","https://p.scdn.co/mp3-preview/7ffa53bd65756b57441863a583b2fed261b9f541?cid=9950ac751e34487dbbe027c4fd7f8e99","true","28","spotify:user:l4xz9k88ino2imr81wom61l1y","2018-01-22T19:15:56Z"
"spotify:track:4clPZ9bXjAgKivfTOx8LxJ","Clap Your Hands","spotify:artist:1yxSLGMDHlW21z4YXirZDS","Black Eyed Peas","spotify:album:6bwBeiWNQu2g3yaa3yNpgz","Behind The Front","spotify:artist:1yxSLGMDHlW21z4YXirZDS","Black Eyed Peas","1998","https://i.scdn.co/image/ab67616d0000b273a7b167e915c105e5ef25631b","1","2","297200","https://p.scdn.co/mp3-preview/94319d41dfbedc31dbaac3cfeebec06d30d06c6d?cid=9950ac751e34487dbbe027c4fd7f8e99","true","19","spotify:user:l4xz9k88ino2imr81wom61l1y","2018-01-22T19:15:56Z"
"spotify:track:1AycXt35iOUKnNlqL3sINt","Break Da Law '95'","spotify:artist:26s8LSolLfCIY88ysQbIuT","Three 6 Mafia","spotify:album:03dao4rkv9ZZ95IJrnugVM","Mystic Stylez","spotify:artist:26s8LSolLfCIY88ysQbIuT","Three 6 Mafia","1995-05-09","https://i.scdn.co/image/ab67616d0000b273d3518360cc393a18c409dcae","1","2","261560","https://p.scdn.co/mp3-preview/d96d7d246b5d1a163bd4f95f2632d9b8f3a3e9e9?cid=9950ac751e34487dbbe027c4fd7f8e99","true","42","spotify:user:l4xz9k88ino2imr81wom61l1y","2018-01-23T17:55:06Z"
"spotify:track:4OPP6Nzkf60dpjbfRheELe","Da Summa","spotify:artist:26s8LSolLfCIY88ysQbIuT","Three 6 Mafia","spotify:album:03dao4rkv9ZZ95IJrnugVM","Mystic Stylez","spotify:artist:26s8LSolLfCIY88ysQbIuT","Three 6 Mafia","1995-05-09","https://i.scdn.co/image/ab67616d0000b273d3518360cc393a18c409dcae","1","3","283573","","true","0","spotify:user:l4xz9k88ino2imr81wom61l1y","2018-01-23T17:55:06Z"
"spotify:track:4MbUcaX58NkUmKXe6FuBaV","Blessing It -remix (feat. Substantial & Pase Rock from Five Deez)","spotify:artist:3Rq3YOF9YG9YfCWD4D56RZ, spotify:artist:5FmThJ74ycmeBdQnu4Cfcw, spotify:artist:7DziQHfQYLS6Iv018KLOVo","Nujabes, Substantial, Pase Rock","spotify:album:5FrjDW96mCYw9ECc74c637","Metaphorical Music","spotify:artist:3Rq3YOF9YG9YfCWD4D56RZ","Nujabes","2003-08-21","https://i.scdn.co/image/ab67616d0000b273a1a897ee5e642da6d945bcd7","1","1","203706","https://p.scdn.co/mp3-preview/e775877b6c2e4929c5207c442e7f4c9f557999fd?cid=9950ac751e34487dbbe027c4fd7f8e99","false","53","spotify:user:l4xz9k88ino2imr81wom61l1y","2018-02-01T18:57:16Z"
"spotify:track:2rnAYh7REAMGYqJUXJKZZK","Horn in the middle","spotify:artist:3Rq3YOF9YG9YfCWD4D56RZ","Nujabes","spotify:album:5FrjDW96mCYw9ECc74c637","Metaphorical Music","spotify:artist:3Rq3YOF9YG9YfCWD4D56RZ","Nujabes","2003-08-21","https://i.scdn.co/image/ab67616d0000b273a1a897ee5e642da6d945bcd7","1","2","248600","https://p.scdn.co/mp3-preview/2d423e511c1a459f75c75ebc9cac8c92e72d8600?cid=9950ac751e34487dbbe027c4fd7f8e99","false","42","spotify:user:l4xz9k88ino2imr81wom61l1y","2018-02-01T18:57:16Z"
"spotify:track:0JL9TZip7mL7iwC5EOkALS","Lady Brown (feat. Cise Starr from CYNE)","spotify:artist:3Rq3YOF9YG9YfCWD4D56RZ, spotify:artist:2Xavhsn8y9Yrr7N08OxvKF","Nujabes, Cise Starr","spotify:album:5FrjDW96mCYw9ECc74c637","Metaphorical Music","spotify:artist:3Rq3YOF9YG9YfCWD4D56RZ","Nujabes","2003-08-21","https://i.scdn.co/image/ab67616d0000b273a1a897ee5e642da6d945bcd7","1","3","199160","https://p.scdn.co/mp3-preview/19cd8f71f04387eba4cfa89273d9a1652e0e8a4a?cid=9950ac751e34487dbbe027c4fd7f8e99","false","56","spotify:user:l4xz9k88ino2imr81wom61l1y","2018-02-01T18:57:16Z"
"spotify:track:3cVkgjmP54k8Po4baOtaH3","Steady","spotify:artist:7bTL2or1gi4VAjY7XzoK8e","CYNE","spotify:album:05M4D21SfBJmv8QVxvjGgr","Time Being (Deluxe Edition)","spotify:artist:7bTL2or1gi4VAjY7XzoK8e","CYNE","2017-09-08","https://i.scdn.co/image/ab67616d0000b2736be83d58146633ffe9742c38","1","4","180000","https://p.scdn.co/mp3-preview/b4192b8091725f6d219711048e28a95b1f4c7bfd?cid=9950ac751e34487dbbe027c4fd7f8e99","false","43","spotify:user:l4xz9k88ino2imr81wom61l1y","2018-02-08T03:01:28Z"
"spotify:track:6bvV5L5afKykg819xAIJWt","First Person","spotify:artist:7bTL2or1gi4VAjY7XzoK8e","CYNE","spotify:album:05M4D21SfBJmv8QVxvjGgr","Time Being (Deluxe Edition)","spotify:artist:7bTL2or1gi4VAjY7XzoK8e","CYNE","2017-09-08","https://i.scdn.co/image/ab67616d0000b2736be83d58146633ffe9742c38","1","8","170276","https://p.scdn.co/mp3-preview/d18e9a6bfbbd1e3f996cacd050695221f67aa165?cid=9950ac751e34487dbbe027c4fd7f8e99","false","45","spotify:user:l4xz9k88ino2imr81wom61l1y","2018-02-08T03:01:45Z"
"spotify:track:19uRWxrBqI1QN5hgAszXDj","Maintain","spotify:artist:7bTL2or1gi4VAjY7XzoK8e","CYNE","spotify:album:6fk0vXNbSPdzPbaoNSwp6Q","Running Water","spotify:artist:7bTL2or1gi4VAjY7XzoK8e","CYNE","2005-05-30","https://i.scdn.co/image/ab67616d0000b2731f4efc9085dec55bfd7d6c8d","1","5","185000","https://p.scdn.co/mp3-preview/5328e27843610f3c3b3aad715838460d26892c3f?cid=9950ac751e34487dbbe027c4fd7f8e99","false","36","spotify:user:l4xz9k88ino2imr81wom61l1y","2018-02-08T03:01:56Z"
"spotify:track:5voPrNQYQ4kQoRZ9A2NghB","Bowtie (feat. Sleepy Brown & Jazze Pha)","spotify:artist:1G9G7WwrXka3Z1r7aIDjI7, spotify:artist:7Dnu2NmddNymEI2LMZVH5v, spotify:artist:1QkusyyiLCVP97x3TADKV9","Outkast, Sleepy Brown, Jazze Pha","spotify:album:1UsmQ3bpJTyK6ygoOOjG1r","Speakerboxxx/The Love Below","spotify:artist:1G9G7WwrXka3Z1r7aIDjI7","Outkast","2003","https://i.scdn.co/image/ab67616d0000b2736a6387ab37f64034cdc7b367","1","4","236640","https://p.scdn.co/mp3-preview/afb981e6357059c2bca76d4a1af700950659d431?cid=9950ac751e34487dbbe027c4fd7f8e99","true","40","spotify:user:l4xz9k88ino2imr81wom61l1y","2018-02-12T07:46:02Z"
"spotify:track:2lOnbK3gm1N6keYkUD3mis","How Many Mics","spotify:artist:2WKdxPFRD7IqZvlIAvhMgY, spotify:artist:2Mu5NfyYm8n5iTomuKAEHl, spotify:artist:7aBzpmFXB4WWpPl2F7RjBe, spotify:artist:0kJMPTXq7h3ztpDukSx5iD","Fugees, Ms. Lauryn Hill, Wyclef Jean, Pras","spotify:album:18XFe4CPBgVezXkxZP6rTb","The Score (Expanded Edition)","spotify:artist:2WKdxPFRD7IqZvlIAvhMgY, spotify:artist:2Mu5NfyYm8n5iTomuKAEHl, spotify:artist:7aBzpmFXB4WWpPl2F7RjBe","Fugees, Ms. Lauryn Hill, Wyclef Jean","1996-02-13","https://i.scdn.co/image/ab67616d0000b2735b7865be7f7fcc05faec6137","1","2","268933","https://p.scdn.co/mp3-preview/fc7db7f56d367676c9ecae04e952b702c1437fd4?cid=9950ac751e34487dbbe027c4fd7f8e99","true","54","spotify:user:l4xz9k88ino2imr81wom61l1y","2018-03-05T18:28:55Z"
"spotify:track:0WyVk0P8TbNUBeUOaSAdfn","The Guidelines","spotify:artist:7CaUk9xCxdXAmmqQn3PLR7","Aceyalone","spotify:album:1sSy8CE6VuloSEzaVcMdkY","A Book of Human Language","spotify:artist:7CaUk9xCxdXAmmqQn3PLR7","Aceyalone","1998-04-14","https://i.scdn.co/image/ab67616d0000b2736807d35176f3290feecd692b","1","2","287720","https://p.scdn.co/mp3-preview/a90612d978c83453522d0c4ff274bc973690456b?cid=9950ac751e34487dbbe027c4fd7f8e99","true","34","spotify:user:l4xz9k88ino2imr81wom61l1y","2018-03-30T18:34:57Z"
